-- phpMyAdmin SQL Dump
-- version 5.1.1
-- https://www.phpmyadmin.net/
--
-- Hôte : localhost:3306
-- Généré le : ven. 04 fév. 2022 à 14:33
-- Version du serveur : 5.7.33
-- Version de PHP : 7.4.19

SET SQL_MODE = "NO_AUTO_VALUE_ON_ZERO";
START TRANSACTION;
SET time_zone = "+00:00";


/*!40101 SET @OLD_CHARACTER_SET_CLIENT=@@CHARACTER_SET_CLIENT */;
/*!40101 SET @OLD_CHARACTER_SET_RESULTS=@@CHARACTER_SET_RESULTS */;
/*!40101 SET @OLD_COLLATION_CONNECTION=@@COLLATION_CONNECTION */;
/*!40101 SET NAMES utf8mb4 */;

--
-- Base de données : `milo`
--

DELIMITER $$
--
-- Procédures
--
CREATE DEFINER=`root`@`localhost` PROCEDURE `add_score` (IN `id` INT(10) UNSIGNED)  NO SQL
UPDATE `milo_results` 
SET r_score = r_score +1
WHERE r_id=id$$

CREATE DEFINER=`root`@`localhost` PROCEDURE `reduce_score` (IN `id` INT(10) UNSIGNED)  NO SQL
UPDATE `milo_results` 
SET r_score = r_score -1
WHERE r_id=id$$

DELIMITER ;

-- --------------------------------------------------------

--
-- Structure de la table `milo_championships`
--

CREATE TABLE `milo_championships` (
  `c_id` int(10) UNSIGNED NOT NULL,
  `c_title` varchar(255) COLLATE utf8mb4_unicode_520_ci NOT NULL,
  `c_datecreate` datetime NOT NULL DEFAULT CURRENT_TIMESTAMP,
  `u_id` int(10) UNSIGNED NOT NULL,
  `i_id` int(10) UNSIGNED DEFAULT NULL
) ENGINE=InnoDB DEFAULT CHARSET=utf8mb4 COLLATE=utf8mb4_unicode_520_ci;

--
-- Déchargement des données de la table `milo_championships`
--

INSERT INTO `milo_championships` (`c_id`, `c_title`, `c_datecreate`, `u_id`, `i_id`) VALUES
(4, 'championnat test', '2022-01-18 13:59:42', 46, NULL),
(18, 'test', '2022-01-20 14:21:58', 46, NULL);

-- --------------------------------------------------------

--
-- Structure de la table `milo_decks`
--

CREATE TABLE `milo_decks` (
  `d_id` int(10) UNSIGNED NOT NULL,
  `d_title` varchar(255) COLLATE utf8mb4_unicode_520_ci NOT NULL,
  `d_datecreate` datetime NOT NULL DEFAULT CURRENT_TIMESTAMP,
  `u_id` int(10) UNSIGNED NOT NULL,
  `i_id` int(10) UNSIGNED DEFAULT NULL
) ENGINE=InnoDB DEFAULT CHARSET=utf8mb4 COLLATE=utf8mb4_unicode_520_ci;

--
-- Déchargement des données de la table `milo_decks`
--

INSERT INTO `milo_decks` (`d_id`, `d_title`, `d_datecreate`, `u_id`, `i_id`) VALUES
(1, 'deck rouge', '2022-01-21 14:59:47', 46, NULL),
(3, 'deck skelat', '2022-01-21 20:16:45', 51, NULL),
(4, 'menbats deck', '2022-01-21 20:17:33', 52, NULL),
(5, 'benkei deck', '2022-01-22 14:39:44', 53, NULL),
(6, 'fana deck', '2022-01-22 14:39:52', 54, NULL),
(7, 'semtenza deck', '2022-01-22 14:40:02', 64, NULL);

-- --------------------------------------------------------

--
-- Structure de la table `milo_images`
--

CREATE TABLE `milo_images` (
  `i_id` int(10) UNSIGNED NOT NULL,
  `i_name` varchar(255) NOT NULL,
  `i_type` varchar(25) NOT NULL,
  `i_weight` varchar(25) NOT NULL,
  `i_image` blob NOT NULL
) ENGINE=InnoDB DEFAULT CHARSET=utf8mb4;

--
-- Déchargement des données de la table `milo_images`
--

INSERT INTO `milo_images` (`i_id`, `i_name`, `i_type`, `i_weight`, `i_image`) VALUES
(1, 'test', 'png', '64', 0x89504e470d0a1a0a0000000d49484452000004800000028808020000008749165a000000017352474200aece1ce90000000467414d410000b18f0bfc6105000000097048597300000ec300000ec301c76fa8640000660949444154785eeddd218c2a4db8e6f1934df686754876c55db2b99b2091e42ac40a246a43760dc9354872150e894422919d5c83d90489449255ac432291c8bbcfccfb9e3a7d98198619a0a7abebff13df77ba061886a6abeae9aeaafef5ef00000000804210c000000000a0200430000000002808010c000000000a420003000000808210c000000000a0200430000000002808010c000000000a420003000000808210c000000000a0200430000000002808010c000000000a420003000000808210c000000000a0200430000000002808010c000000000a420003000000808210c000000000a0200430000000002808010c000000000a420003000000808210c000000000a0200430000000002808010c000000000a420003000000808210c000000000a0200430000000002808010c000000000a420003000000808210c000000000a0200430000000002808010c000000000a420003000000808210c000000000a0200430000000002808010c000000000a420003000000808210c000000000a0200430000000002808010c000000000a420003000000808210c000000000a0200430000000002808010c000000000a420003000000808210c000000000a0200430000000002808010c000000000a420003000000808210c000000000a0200430000000002808010c000000000a420003000000808210c000000000a0200430000000002808010c000000000a420003000000808210c000000000a0200430000000002808010c000000000a420003000000808210c000000000a0200430000000002808010c000000000a420003000000808210c000000000a0200430000000002808010c000000000a420003000000808210c000000000a0200430000000002808010c000000000a420003000000808210c000000000a0200430000000002808010c000000000a420003000000808210c000000000a0200430000000002808010c000000000a420003809fb4dfef3739d39cf178dccd69369bbff034fa78fd83fedb6432f1fd91b3582c7c87fded7c3efb7e0500e003043000780a4b56ebf5dabaecc3e1d03af4ad56cbbbfc4843a3d1b05dffaed16864df9077e9fb63d1eeaded76eb5f35004054086000f04dea01ab1f9c6599f595fbfdbefad3ed76dbfbdd00deb02b8dbd5ecf8e1a4b98c7e3d10f2a004800010c40ea4ea7d3eb15853fac6b1858b20a1e3814b05eaffb8bbed22ff25ff96a3e9ffb1b7ab5dfeffd1de3090e87837fd07ff39df1b7703df382ef577c4b381cec435ead56fafcf9da03a81e02188054a887bd5c2ed5752e663255bbdd565732642aeb4dee763b7f3748c647d1ce2866db37e45d1648de95d4b5d65aad667fb54dc9d381ac8f8ea30940a4086000aaeca9a18b88057c95c5d13037b2d7ebe920baf3f07c8d66ddf178ac17b4f551982007a0cc0860002266b3b0f2fd39198d46d621bbb157174eae07170bdf655966bfc530260a7886301878369be9b81b0c063a18efbcd0d7e974f42296cdec4066be19801f4700031001659ec56261136f1a8d86f7adbe4841abd7eba96fc7d971203a96cd6cc4a69d6451b8f263fbeb5aad965e41558a5ecd06341e0e07ff4d00f06404300025a598a4b0d4eff7ebf5ba779abe8ed00554de6eb75382528e529a9a4c264a56a263df6b81afb07b060c0603bd948d666450318087238001288bf3f9acee8efa3d37769eec1cb609830695b5f42286b18240e25409a82ab06c6697d0bf37dfcc5668b4099f56c9704e07c0b711c000fca4d3e9b45aadc6e3f1f5d144eafda8ebc3852c000f713c1e15a2ec267e36a0f17b93cdc20cd297d33fd3e9cb899fcdc67f07007c800006a0207681cb56cbb06142ad56cb7b31efd14f87c3e162b1e042168062d84220abd52a5453df9e6966eb7fd8c579bbdfb45edc7f0d80b411c0003c8b7a1b59962944ddde83d123c7e3b17a3fac5406a03cecfc91bc5ce7fa7d7f36afb6bea8dd6eab565c2e972cfb01248b0006e0c1b6dbed6432b9713c8f2d92a10e8d7a36fe7c0088876a3c555fb3d7a5f3edb666b7af1bd46c36096340820860288ba7de3017fa54f5f1fa67fd04da7d8bc5a2dfef5f593c233f8b7d3e9fabcbc2f26200aacad666b475f3ed9e66d76fa1411803d24100c38f51e36413a07bbd1ea1ab008a46fed13f820dc899cd66ea585cd97ded767b3299acd76b7f1a00a4cdee6aa89af34a1e0b618c19b0402511c05084c3e1104e0476bfbbd814ee341a8d7c7f7c4b3e715d5f3c435d07fd2ea56b669c03c015b78431fd480f603922a04a0860781675be15b76ecf5a36178875c6cb46e17932995c4f5c62cbc4d3450080ef218c01e92080e1f12c7a7d3a0b597d7a5b7d21cb32425709add76b652adf5befe9743aa3d1485d01761f003c10610ca83602181e6cb95cbe8d5ecd66b3dbed8ec763c52d965e2839e567b5e8ef4eeb22710140c1086340f510c0f030aaf72f6ef7a44efc5357dec363690f2a5fbd5dc650bb35cb327f1000e08710c6806a2080e1016c9a50bee34ef48a8bf255f7cd4d45ebf5baf2184d38009410610c8817010c77d96c36aadcbda67fa518369bcdfcc728b7dd6e371e8fdf36dead564b0df6f97cf6c701004accc258bfdfbf32fb9a30069407010cdfa1aef972b97cbb325ea7d3a1662f3f5b25e5dd595ec3e190f95d0010afdd6e379fcf3f0d63dd6e570d819af2cd66e3cf0450140218be4c35fbdb6a5dd18b31872577381cb48f14b1de5d2565369b1d8f477f2800207eb78431a35680480614860086af51edecb5f56f5c3329b92bd7bb1a8dc66834a2ad0580cabb3d8c192219f03c04307c413e7da9efae4dae9994dc6ab57ab7ad55cbca154b004893c2985a0735e2ca63ed76db1b86cf10c980472180e126e7f339bfd846afd763858628e417d8a8d56ada71b3d98c2b9600803c2219502402183eb7dfeff3d531e92b22becf7efde27a1700e0764432e0790860f8c4c518b6f1784cfa8a88efb65f1ce90080bbe42359a7d3f1d6e5334432e02dba65b84635a6d7a0af03d8b22cf31f2012bef30860008047dbeff7ebf55a5d85c160f0d54836994ce6f3b922d9e170f097039241b70cef3b9d4efd7edf2bcbd73bf37283af18f9fe238001009eef7b914cf4e05eafa7272e160ba5327542fc15812aa25b8677ec76bb666ed5722531aac248f92e248001007ec2b7239974bb5d3d4bcfcdb24ca98c1910a80cba65b8a48ab256ab79e5f7ebd76c36f31f20426157b21f010065a048a634a556693c1e2b62e54ff87eaa5eafeb29c3e150a94cdd1516f545a40860f8cbf97c0e4b6ee81fcc978d9d9a37db9b4a626430004039294ad985b2d168a488f5ee1d2c3fd26834f414b5777abafa2dcc9840f911c0f097e57219aa336eb25c014ad4f9eb99bbddce7f000040b9294d655966c31715b1f2cdd9a75aadd67038e43c32ca890086bf84f1d95c2da90ced4adba7d26c36178b85ff000080a89c4e2765aae572a954d6ebf56e9954d66834c6e33197c5502a0430fcb1dbedacb6aad56a5cfeaa92b0678dda2dff01000091538f45a96c3e9fab75eb76bbad56cb5bbbbfa97c369bb1ea3dca8000863fc27ca17ebfef45a88ad168643bd770290c005061dbed560d5fa3d1f0662f47214d2d20cb3be30711c0e0f2cb6facd76b2f45856817f77a3ddbc58681a600806a5bad5683c1e0ddf9632acfb28cd5ed513c02185c587ea3d96c7a112a47cdcc7038b41d2d8c350500a440cd9ffa391767214dbd5e67b90e148c0006c7f21be9503b14ce05ea1fec710040228ec7e362b168b7dbd608e6b15c070a4300c30b96df484d98ef27dae95e0a00401a14b4a6d3e9bbb78166b90e3c1b010c2f587e2341abd5ca76ba781100008961b90e148f8e175eb0fc469a6ca70b973d01008963b90e1486008697733f56bf341a0d2f421a9809060040def5e53a26930917c4703f0218fe7d3a9d5acd321c0ebd08696026180000effa68b98e46a3a184e60f02be8500863feb1f52a12488996000005cf1ee721dea3b6db75b7f04f04574b952773c1ebd2ef9f58babea69f2dd4f000300e06359965dacd5311c0e99448d6fa0cb95ba70ffe54ea7e345488c7d01c4b70100c07bcee7f3743acd2fd451afd799448dafa2cb95bac1606035882a142f4262ec0b20be0d00003e76381cfafdbeb79daf5aad16eb48e37674b992763e9fc302f40c654e967d01c4b70100c06794b894bbbc057da554c6ed9b710bba5c490be30f9bcda617213df61d10df060000b799cd66e15cb6d46ab5c964c21dc3701d5daea485f50f19be9c32fb0e886f0300809b1d8fc7d168e44de9ab46a3916599ff1878832e57ba76bb9d5513b55a8d357c52665f03f16d0000f045dbed369cd736dd6e577d2dff319043972b5de126bcfd7edf8b9024fb1a886f0300806f592e97174bd5abbbc56d7e70812e57bac29065d6ed499c7d0dc4b70100c077296e4d26136f595fa9c7359fcffdc700012c5987c321540a5e8454d937417c1b0000dc67bfdff77a3d6f5f5fb5dbedcd66e33f46dae872252aac7fa8dac18b902afb26886f0300804758afd7cd66d35bd95783c18089f7a0cb95a830018cfb2fc3be09e2db0000e041cee7f36c36abd56aded6be2e7ea61296aa4f195dae44b5db6dab05980006fb26886f030080873a1e8f83c1c09bdb57cd6673b55af98f9118ba5c293a9fcf7ef4fffac5ca3cf0af02010c008067da6c36e10cb8e9f57afbfdde7f8c64d0e54a918e7f3bec550b781112665f06f16d0000f0348bc522ac446d46a311312c2974b952349bcdec801f0e875e8484d997417c1b00003cd3e9740ab3f1834ea7b35c2e991b9602ba5c29eaf7fb76a8eb38f72224ccbe0ce2db0000e0f976bb5db7dbf536f8b77abdce05b1caa3cb95a2b022aa8e7c2f42c2eccb20be0d00008ab2dd6e87c3617e9944c305b10aa3cb95223fb2e970e3957f1bf83e0000f0434ea7d362b168b55ade24ff56afd72793893f085541972b393ac2ed906e341a5e84b4d9f7417c1b0000fc90772f88f5fb7d2e8555095daee4ecf77b3b985bad9617216df67d10df0600003feaed05b176bb7d3c1efdc7881c5daee48435e8bbddae17216df67d10df060000e5905f2cb1d96c327bbf1ae8722527cb323b8c59831ec6be0fe2db0000a034168b85b7d3af53c2d6ebb5ff00d1a2cb959cf97c6ec7f0783cf622a4cdbe0fe2db0000a04c14baf2f76e5624f31f204e74b992339d4eede89dcd665e84b4d9f7417c1b000094cc6eb70bb7111275e7fc0788105daee40c87433b74b90b338c7d1fc4b7010040f91c8fc776bbed6d36192c6674b992d3eff7edb8dd6c365e84b4d9f7417c1b000094d2f97ceef57ade6c93c1a245972b399d4ec70e5a16d281b1ef83f836000028ab8b0cc68c9218d1e54a4e1840ccdd2460ecfb20be0d00004a2c9fc16ab5dae974f21f201274b9921302986f2379f67d10df060000e5a60c166ed3ccc2f4d1a1cb951c02182ed8f7417c1b0000945eb84733a310a343972b3904305cb0ef83f836000028bde57269cd77bfdff72244822e57720860b860df07f16d0000507abbddce9a6f75edbc0891a0cb951c02182ed8f7417c1b0000c4a056ab590bce3a1c71a1cb951c02182ed8f7417c1b0000c420dc5b887538e242972b3904305cb0ef83f83600008801eb70448a2e5772eaf5ba1dabbe8de4d9f7417c1b0000c48075382245972b3976a08a6f2379fe85e02b010040545887235274b9d272381c385071c1be12e2db00002012de84d3884785bd9596ed766b4769a7d3f12224cfbe12e2db00002012de84d3884785bd9596d56a654729638511d857427c1b000044c29b701af1a8b0b7d212266b8e46232f42f2ec2b21be0d000022e14d388d7854d85b69994ea77694ea1f5e84e4d957427c1b000044c29b701af1a8b0b7d2321a8dec285d2e975e84e4d957427c1b000044c29b701af1a8b0b7d2d2eff7ed28e58ee908ec2b21be0d000022e14d388d7854d85b69e9743a7694ee763b2f42f2ec2b21be0d000022e14d388d7854d85b6969369b76941e8f472f42f2ec2b21be0d000022e14d388d7854d85b690901ccb701ea6e0000a2e54d388d7854d85b692180e12dfb4a886f0300804878134e231e15f6565a086078cbbe12e2db00002012de84d3884785bd95160218deb2af84f8360000888437e134e251616fa5850086b76ab51adf0a000062642db8f83662c0de4a4bbd5ee728c5056239000091b2165c7c1b31606fa5c58f518e52e410c000008894b5e0e2db88017b2b2d7e8c7294228700060040a4ac0517df460cd85b69f16394a314390430000022652db8f83662c0de4a8b1fa31ca5c82180010010296bc1c5b71103f6565afc18e528450e010c008048590b2ebe8d18b0b7d2e2c7284729720860000044ca5a70f16dc480bd95163f46394a91430003002052d6828b6f2306ecadb4f831ca518a1c0218000091b2165c7c1b31606fa5c58f518e52e410c000008894b5e0e2db88017b2b2d7e8c7294228700060040a4ac0517df460cd85b69f16394a314390430000022652db8f83662c0de4a8b1fa31ca5c82180010010296bc1c5b71103f6565afc18e528450e010c008048590b2ebe8d18b0b7d2e2c728472972ec2b51abd57c1b000044c21a71f16dc480bd95163f46394af1db7ebfb7af44abd5f222000010096bc4c5b71103f6565afc18e528c56febf5dabe12bd5ecf8b00004024ac1117df460cd85b69f16394a314bf2d160bfb4a8c46232f02000091b0465c7c1b31606fa5c58f518e52fc36994cec2b319bcdbc08000044c21a71f16dc480bd95163f46394af1db6030b0af4496655e04000022618db8f83662c0de4a8b1fa31ca5f8add3e9d85762bbdd7a110000888435e2e2db88017b2b2d7e8c7294e2b746a3615f89d3e9e44500002012d6888b6f2306ecadb4f831ca518adfb80b330000f1b2465c7c1b31606fa5c58f518e52fc46000300205ed6888b6f2306ecadb4f831ca518adf08600000c4cb1a71f16dc480bd95163f46394af11b010c00807859232ebe8d18b0b7d2e2c72847297e23800100102f6bc4c5b71103f6565afc18e528c56f04300000e2658db8f83662c0de4a8b1fa31ca5f88d00060040bcac1117df460cd85b69f16394a314bf11c00000889735e2e2db88017b2b2d7e8c7294e23702180000f1b2465c7c1b31606fa5c58f518e52fc46000300205287c3c11a71b5e65e8418d0eb4a4bad56b303f57c3e7b11d2460003002052bbddce1af176bbed458801bdaeb484def6e170f022a48d00060040a4369b8d35e2bd5ecf8b10037a5d69e976bb76a0ea88f522a48d00060040a496cba535e2c3e1d08b10037a5d69e9f7fb76a0ae562b2f42da08600000446a3e9f5b233e994cbc0831a0d79596e1706807ea72b9f422a4ad5eafdb57c2b70100402494bbac115712f322c4805e575aa6d3a91da8fa8717216df67d500cf36d000010094eac478a009696c5626107ea783cf62224ec783cdaf7a1c9f2b50000c4a6d7eb593bcedcfeb810c0d29265991da84cd68484fb87743a1d2f0200009150f36dedf86eb7f322c480009696b05c69b7dbf522248cef030000f16a341ad68e1f8f472f420c086069d9eff776a072c33ec87abdb6ef035744010088cbe974b2469c89dcd12180a5251cabccf98184fb878c46232f02000031d86eb7d688338f203a04b0e4d8b12abe8d8485fb87b02a26000071092bab7116353af4c293136ebc7b3a9dbc08a90ab725e0fe210000c4653c1ed388478a00969cb060ce76bbf522a46a341ad99781fb8700001097b006fd7abdf622448200969c70cfbe2ccbbc08a90a5f06ea6e0000e2c21288f122802567369bd9e1cab41f74bb5dfb32700347000022c212885123802527dc8b79301878115215c6a31e0e072f020000a5c712885123802567b7db71c4428ec763ad56b32f03a317000088084b20468d00961cae59c384d593b82b370000716109c4a811c05214666db2127db2f297bf56ab959702008018b00462d408602962257a70f90b008078b10462d40860291a0c0676d0b2127db2c2fdb8b9fc0500405c984e123b02588aa6d3a91db7ac449f262a6e0000e2c51288b12380a58895e813b75eafed0b40c50d0040745802317604b01471e22471f3f9dcbe0054dc0000448725106347004b1123d012371c0eed0bb0582cbc08000044a2dbed5a3bce1288912280254ad1cb0e5d56a24f50bbddb6bdcf3298000044e47c3e8f46236bc48525102345004b14e74e5216ee0046fc060020168a5be14e42c24cfe7811c01215460fcf66332f421a76bb9dedfa56abe5450000a0dcb6db6db8f7978c46a3f3f9ec3f436c0860890a0b21f6fb7d2f421ad8f50000c465b15884d12bfa0753b86347004bd47ebfb7c3b8d96c7a11d230994c6cd77317380000ca2f8c5a9246a3c1fced0a2080a58b7538d2d4ebf56cbfaf562b2f020000e5a31e5a68b5a5d3e9b0ea463510c0d2c53a1c690ac17bbfdf7b1100002899c3e1d06ab5acc996c160c0a4afca2080a58b753812b4d96c6ca733f4140080d2527b1d4e980ab3062a8600962e16634850b879c86432f1220000501afbfd7e3c1ee797dc5087cd7f86aa2080a58b7538121456b0650a2f0000e5713a9d168b45bbddb666dab0e4465511c092c63a1c4961fc21000065b35aad06838135d0790a6387c3c11f846a2180258d753892c2f84300004a62b7db8dc7e3fcbd9503e531562aae360258d25887231de7f3395cf0643c0300003fc27257b3d9b41639afdd6e2f160b0625a580009634d6e14847d8d76fc71faed76b6b09f45f6eae0f00c0c35dc95d8d46433fe2de30492180258d7538d211eee4f87629db8bf10ffa322c974bff190000f8aeebb96b341a6d361b7f285242004b1deb70a4e0783cda5e96b7337afd07e5a316abfb7593c944215356ab951a3661123300a0300a5d8bc562381c92bbf0110258ea3a9d8ed508cc0baab0d96c667b59f9c48b72ec47a2d6c2ff5551f57add425aafd7b39026ebf5da729a62aa7f220000dc4ccd879a1235286a5fc2fdbb2e90bb9047004b5d58198fc93f15d66ab56c2fbf3bb6d07e24fa77886ab89d9a55cb7566301858b4333ab22ce01946f90340d4cee7b32a73b5a7aae17bbddebb97b9027217de45004bdd7c3eb73a623c1e7b11aa65bbddda2eaed56a6a36bc34c77e2abe1da7c3e1f01a7036599659f2d157da1251b8cc5b4217e14df257e78270992ee07a1d00144095adaa5c7596ac4d51a5edd5f7c714c90683c162b1d8ed76fe2ac0df0860a953c7ceea0b75fbbc08d5122e720e87432ffa9bfd547cbbd22cbdc86c36b36cd3eff72df9dcd2ac96d9f7a6ccdd8899750052b0dfef6d30a15a4c557d5ebddec0ea49d5909c1dc32d0860a9534d6175877a9f5e840ad9ed76613cba3acd5efa37fba9f836be285c7c33362e25b0563cb83e582546ccac031023abbae7f3b9aa2cd560ed76db2bb51b743a9d7ebfaf276659c6147a7c035d2eb01062659dcfe7d0a2a8b5f0d237ec01e2db28d0457893d56af51a61fe6209272f1cb6a9793b68335c9d330ac0fe51fee69f358054dd93b5ec1cd36834d273f5225cfcc743d0e5020b2156965a0bdbb3b55aedcada0ff618f16de0b7900fe39a59775dabd5b23f212c9762d7eb581f05a8807bb29658fda0e7dafa49ef4e9c06ee47970b2c84584df9c187b3d9cc4bdf638f11df06bee825a2bdaac6cc3a654bbd73e219f0b374d059c512841a26b07ac67c356bd9bcd9f178acd7d18bb360068a44970b2c845841370e3e34f630f16da0c4de0edab453dd79d61b0bbeda2dbbcee299b1ae5be06fe8159d39204f47841f1b9b8d1f30b92beaf2d4f9b1642d940d5d2eb0106205a98db17d7a7df0a1b1478a6f035517ceacbf7602ff2c94e2474284ac7f39994c66b399fe2eaed7a1003f9ba93e42d64214e872818510ab46edcd8d830f8d3d527c1b485bb8c8661dca78e399cd66a9642ab31d9477b1faa8b11d97f72391a06c2ca27c4f911f60bbddf6dffaca561dcc0b77c530642d44842e175eb01062657c69f0a1b1078b6f03f8d8c51848ef09bebab8e5801f572513cece0045f2a3e2effb55cce7733f90b86c8bc4d0e5c28bb0a0190b21c66e3299d8aebc65f0a184eb9fe245006263832a67b3996a00f5715bad961fd5c073e42fa3d912ed267f558a2504818fd0e5c28be1706855ea72b9f42244488d9fed47b965f0a18cc7637b7cbbddf622009550e154965f0ac584552bf3c20dc1830337710250020430bc500b6dad9ada692f426cd4dbb09d28b7afa71206f4af562b2f020000c0d310c0f0429d6feb85f7fb7d2f42542ed2d78d033fc2f8c37abdee45000000782602185eecf77beb88b75a2d2f423cbe97be2404ef6eb7eb45000000782602185ea8cb6e1df15aade64588c4b7d39784e78eb9073700004021086070617e364bc146e49ef425fd7edf9e9b659917010000e099086070a12fce620c51389d4e6197c937d297341a0d7b3aa91b0000a0180430b8b01cf97c3ef72294d576bb0dab174ab7dbfd46fa62dc29000040f10860708bc5c2bae3a3d1c88b504acbe55291c976960c87c36fa42fd9ed76f60aacbc02000050180218dc76bbb5ee78a7d3f12294cf66b309e94bffb8e7c6d9dc7b000000a0780430b8704ba846a3e1452899c3e150afd76d37b55aad3b276e85bb6fb3042280b8acd7ebe6ab7b4e4201c04f2180e18f7069c5b75126a7d329ac54a990ac30e63ff8aed16864afb6582cbc0800621026c1aad93a1e8f5e0a0091a0ab8d3fac3d13df4699f47a3ddb3bea706cb75b2fbd43b7dbb5175cafd75e0400310817f04555a236fd07001003badaf8c35b330258f984352ae551f7ec0a6bd073fe184074f2b5a28c4623aa3200b1a0ab8d3fbc1d2380954cfe6ecb93c9c44bef73381cec05ebf5ba1701405456ab55bbddb6aacc302b0c4014e86ae30f6fc10860a5b1dd6ef3dd8b072e5718ee3ac0128800e2753e9ff3b7a4973b9787058002d0d5c61fde7c11c04ae0783c0e8743df1faf94c4be77bfaf77852e0bf7dd06103b2e8501880b5d6dfce10d1701eca7a9df10969b17fdfbe153ccc304b0dd6ee7450010b3fcca1c65a340381a8d369b8dbf570069a3ab8d3fc232f434123fe57c3e87d5e1cd70387cf8cc72bda0bd3813c000544999339869341aaad557ab95bf6300492280e18f30e6edb1a3dd7023e5a24ea763bb40b4171eb2dcfc5b6afbed5774bb5d2f0280aa287f0c937abd3e180c168bc59db7d40710230218fe50000817c1981a543065ad302c5014869f9781c3b28ae3f1d88b00004fb3dbed54df86fb475f50e5cf004520290430fc45b9cbda0325b1878f7cc34796cb6588bef2ecf41b56e078d42dc50000b7f83489756f30fd4d99cdf8ab038804010c7f399fcf612da9c160e0a578a6c964621fb8d4ebf5029ad270a98da12f00f02394c4e6f3b9dad9fcd887fb8584a617576bc28954a09c0860b8a42adb2b723ae84fa6b89b5f6b5ed1f77038f8cf9e86153800a054ae5f16bb9f2259bfdf572acbb28ccb65401910c0f08e30448d3942cf733a9dd428dae72cbd5e4f25feb36762050e0088d17ebf577c92c562f13a02713a180c5e2e7875bb5fbd8c56afd7f5acd168a417d10b723f12a0600430bc23f4d155a7b31ce2331c0e87fc6d4387c3a1ffe0f9d4dcda2f255d0340c55848533daf1afeabc1acd56ae92993c964369be9451802033c0f010cef0bb536eb343cdc6eb7cb378a0fbfc9f275acc0010049519a5aad56e18a99350137229501cf4000c3fbc27512d5bc5e844758afd7f57add3edb5aadb65c2efd074509d98f761400d2743a9d94a66c28a35af9fc888c5b90ca803b11c0f0beb05483303afc216c9ab57fa6452d7878e17c3edb6f57f6f32200007e0f5f54a652b252be52cab2f6e2467a3c7733036e4400c387c25835fdc38bf075ef2e6fa5cd1f89b5faa5f606d4527a1100001ff8462a6b705f69e03304307c2874d6e547d242d4decd5da6d3e9fcd4bd59c2f22a846a00c0f7dc98ca4862c0470860b8265c045366a00ebdee7c3e5b8334180cdecd5d65688af4f6eccdb0042200e081ae9c76248901170860b8267f114c54874e261316a637f9c475655446a91a1ebd137b578bc5c28b0000789ceb49acdbedeaa7d3e974b55aa965fca9f120c0cf2280e1136139c4406163bbddfa8f537263e232e53ce1a796cfdede7abdf62200009ee04a12bba02655cd931a4d7539b22c2398a1f20860f8dcbb75a84a2a5f3fea0fb77ba7f4fbfd4f1397743a1db51f8bc5a2b40135ac804fdb060028c6ed49ec825a5eb5bff3f93ccdd3bea8300218be60b95c861ebcd46a35d58cca279bcde6743af983e2a43f61bd5eeb6fb129c537de14a5fc89eb82bfef5f1cf80080a2d9ea1d76ff31bb2b74e3f7ad293fa52e47afd7b32e87bf1c102dfa61f89ae3f1a81ad0abc3bf359bcdb20dba3b1c0e7a3f46e95115b7190e87aaf78dbffbdb4497b82ea801b33fc4b70100f869bbdd4ecdf47c3e5703ddeff7d534e7cff6be4bcdf1643259afd7b19fff459ae887e13b54517e35bac4a8dd6edb25bed56aa5e6c1fff868293cdbdfa586cd8b0000282bb5bc8bc5e2a3b5850335d6a3d128cb3246d7231604307c9f6ac6e572391e8f630f630a24fa132c6bcde773c5cb0ac4adb7c24dc0f4c77a11000031381c0e8a580a5ad7e70828aaa98d53cfc44e9eaa41e712194a880086875168f9de2cdbe7b18595cc643251752cb3d94c35b2d9eff7feee13a0bfdd3e16ed262f02002036ca54366d5b8dbbb56b9f526cb3cec070387ced0bbcb08466fca5814210c08054f47fdf563bcb322f02002072dbed76369ba98dfb74e6d82dc2a018bd26ab2fe2490860402a42cb94d4753f00403ade2eb478ffc01cbd080b7ee0b10860402abc25610944004062f2ab22db728be66554e2ab1b6f3fd36ab546a3d172b9e45426ee41570c4885b71e043000003e76e3ea8b8d46438fd1230963f82aba62402abcc520800100709be3f19865d9783cee743ade88be873016a9f57added7697cba56f1785ae18900a6f25086000007cddf97cde6c36d3e9b4d7ebd56a356f53df5018d303f4b0d56a451e2b39ed2ced32ed4ddf2e0a5d312015d630886f030080efdaed76f3f9fc96d517bbddee6834b21b8d2ac5f9f35102be870aef1ad1150352e1750c010c008087ba3d8c7daad96c329ab130fea113c0003c89d731043000009e46612ccb325b62d146b87d9b9eae17b1018da254f6ba8ee3e6783cfa2fc37dfc832680017812af630860000014e5743a2932cd66b3e170787d258f6fd00bf6fb7d6533fd0a6e53f60dfe3912c0003c89d73104300000caea51a3199bcd66f7f516d2ca7e8a670c687c977f580430004fe2750c010c0080182835bd8c387cbd80369d4e95a694a9a4d56a798bfe457aa29e6e17cd24cb327b7dff7de9f1cf850006e049bc8e218001005009bbdd6eb95c8ec763c52a6fe3ef6017cd3e32180c2cb6add76b65b66a5c52f3bf9c0006e049bc8e21800100507576f56c369bd975b36f5f34fb54a7d3b16542b22cdb6eb7feeb63703c1efd6f2080017812af630860000024298c69b46b59c3e1d0ae6e79ffe0416ca0a35e7fb95cea77f9ef2e9ff1786c6fb8dd6e7b5151e88a01a9b05a467c1b0000e03316dbd6ebb5c5b6c160a07cf5a5151dc38a20b6927e19ee467d3c1e6bb59abdbdd56ae5a545a12b06a4c26a19f16d000080fb289e59365330bb3d95d92dce82d16864e9ced83433f3a4618d3f78f94be88a01a9b08a467c1b0000e0d1be17c96e14929b5eff9e218ee11ed9c55ffe12ba62402aaca211df060000783e1bc4a8c864b3cebc3bf23836c43144b24f8738ea31e1895e542cba62402aacae11df060000f80987c34129285070527c0a6c9a5910ae56ddce2e947d34eb6c341ad9c3f4002f2a165d31201561b2691926bf0200007cc3fdb3cefee11ffec10affe55ffec5225f01b3cef20860402adaedb65537bbddce8b00000022978f64ca57d6db799490dc2693c97c3e57423b1c0efe8bbf8b0006a4a2dfef5b55f223f34d0100008a61431c15c99e34eb4cc21da86de2d9e974f2df7d030218908ab0e2ea7c3ef72200008004845967614659187f28f7cf3a935aada6e7eaa5f482abd54abfcb7ff71b04302015ca5d564128897911000040324ea793f585eaf5ba17dd20ace2a81ed457e3597eee99994c2604302015abd5caea827ebfef45000000c958afd7d617ea743a5ef45ddbed563dab70f52c2c7576137f0d0055b7dbedeca8ff919bbe030000fcac301a68341a79d1e39c4ea7cdef25f57bbddeb5151afd1900aaee7c3edb51ffa5cbee000000d5301c0ead2fb4582cbce8c92eee78262f21d07f08200161d4f297d6ea010000a880704b9e026ef67505010c4848a877f6fbbd17010000a421ccd4fad933d104302021bd5ecfea9dcdc74ba3020000544f980cdf6ab5bce88710c0808484a1cfcbe5d28b00000012906599f5827e7c396802189090e9746a55cf6c36f32200008004bcdc80eb95ba435ef44308604042168b85553ddc8b19000024254cc458ad565ef44308604042c2bd980783811701000054ddf97caed7ebd60bfaf1a5c808604042b6dbad553ddd6ed78b000000aa6eb95c5a17a8d96c7ad1cf21800109391c0ee5a97d0000008ad1e974ac0b548669f00430202d56fbd46a35df060000a8b4b000bdfa3fc7e3d14b7f0e010c484ba3d1b03ae8676f41080000508cf1786c9d9f1f5f80de10c080b474bb5dab83b8173300004841587e63bd5e7bd18f22800169092781e6f3b91701000054549800af18e6453f8d0006a425dc0a6c341a79110000404585f50f7bbd9e17fd3402189096b0127dbbddf6220000808a0a637fa6d3a917fd3402189096f3f96cd5100b21020080ca6bb7dbd6f329c90430218001c969b55a5613ed763b2f020000a89c70de59cab3fe33010c484ebfdfb79a28cb322f020000a89ccd66637d9e52cdbc208001c999cd6656194d26132f020000a89cd0e7190e875e540204302039abd5ca2aa3f22c07040000f07061d4cf72b9f4a212208001c9d9eff75619351a0d2f020000a89c66b3697d9e52cd7b278001290ab7843f1c0e5e040000502da1c3e3dbe54000035214aec897e79e180000008f65bd1dc530df2e07021890a2300dacd96c7a11000040851c8fc772f6760860408acee773a3d1b05a69b3d97829000040551c0e07ebea946a0d7a218001891a8fc7562b956a615600008087d86eb7d6d5e976bb5e540e04302051bbddce6aa55aad763e9fbd140000a012c25d98078381179503010c4857bbddb68aa95437c7000000b89fba37d6cf29db601f021890aef97c6e1553d92ecd030000dc2904b0c964e245e5400003d2753c1e6bb59ad54da7d3c94b010000e2379d4ead9353b69bee10c080a4753a1dab9bd6ebb517010000c46f32995827a76c532d086040d2c25a88b3d9cc8b000000e2371c0ead934300035022617874bfdff722000080f80d0603ebe494ed96a7043020696131fab2dd241e0000e01edd6ed73a39dbedd68bca810006a48e7538000040f584dbed1c0e072f2a070218903ad6e1000000d5d36c36ad87733c1ebda81c086040ea5887030000548f756f6ab59a6f9706010c481deb700000808a391c0ed6bd69b55a5e541a04302075acc30100002a66b3d958f7a6d7eb79516910c000fc59874361cc8b000000a21506f88c46232f2a0d0218807feff7fba5ada4000000be6a3a9d5adfa68453dc096000fe7db55a592555abd5cab652100000c0570d8743ebdb6459e645a5410003f0a2d56a593d359fcfbd080000204ea5bd0bb310c000bc50eeb27aaad1687811000040848ec76398df5ec2a13d0430002fcee773a8aa56ab9597020000c426dce3b4dd6e7b519910c000b8505b75bb5d2f020000884db3d9b42e4d39cf2913c000b8fd7e6fb5954ca7532f05000088c7e974b2ce4cbd5ef7a292218001f8232c192464300000109ded766b3d994ea7e34525430003f0c7f97ceef57a566d09190c0000c465b1585837a6b47737258001f80b190c0000c42bcc692fed9d750860002e91c1000040a4421f66bd5e7b51c910c000bc830c06000062d46834acf752c23b8019021880f791c10000405c14baacdf52da2510850006e043643000001091d56a659d9632dfd4940006e01a3218000088853a2ad663198fc75e543e0430009f208301008028f4fb7debae6459e645e5430003f0b98b0ca6da6db95c9e4e27ff3100004009d4eb75ebabecf77b2f2a1f0218809b5c6430d3e974e6f37999eb380000900eefa0fc2a75c6218001b89532d86030f08aed6fcd66733c1e97f6861b00002005de2f218001a892fd7e3f9fcf3b9d8ed7707fabd7ebbd5e6f3a9d2a8c314611000014c9bb2304300095a47cb55c2e078341186ffd56abd5d20314d8369b8d3f0d0000e039bcff4100035079ebf57a3c1e379b4daff63ed0e97446a391621bd3c60000c0c37987830006201d87c321cbb2c964d2ed76bd0afc40ad56d363a6d3e96ab53a1e8ffe7c000080eff24e06010c40b276bbdd62b1180e87ed76db6bc40f341a8dc160b05c2e09630000e07bbc5741000300399fcf9bcd66369bf5fb7dc52daf20dfd36ab56c4d453dc59f0c0000f019ef4910c000e0ade3f1b85aada6d369b7dbadd56a5e5fbea19f2ab3ed763b7f1a0000c007bcf7400003804f2962cde7f3b7f77a0eeaf5ba8d513c1c0efe1c0000801cef3410c000e04b6c4dc52bd3c65aadd668345aad568c51040000817714086000f03dc7e3d16e357665ce58a7d399cd66dbedd69f03000052e59d03021800dc6fb7db29685d1fa3a89f4ea7536efa0c00409abc4f40000380073a9fcfabd56a3c1eb75a2daf65dfd3e974f4982ccb983306004022bc13400003802751b8b2318af57add6bdcf7341a8d7ebfcf48450000aacd1b7e0218001440e16a3e9f2b8c359b4daf7d3fd0ed762793c96ab5e2a6cf00005489b7f40430002898dd644c294b59cb6be20f28ad29b329b971ab31000062e7ad3b010c007e56b83876653545a9d56a0a6cd3e974bd5e9f4e277f3200008884b7e8043000288fc3e19065d9783cee743a5e497fa0d56a0d87c3c562b1dfeffdc90000a0c4bc0927800140696d369bd96cd6eff7af5f1ccbaf71cfdd9f010028276fb609600010055b5371341ab5db6dafbf3fa007e8617a306bdc0300501ede4e13c000203ae7f379b3d94ca7d35eaff7e91af7dd6e773c1edbf53116f30000e0a778db4c000380d8edf77bbb3876fdeecf41b3d92495010050306f860960005025a7d369bd5e2b592962d56a35afe96f402a0300e0a9bcc525800140852947d96045252be5ab4f6f037dc152d9643299cd667a1d565c0400e0dbbc71258001406aee4c65ad568b540600c057793b4a00030008a90c0080a7f22693000600f888a532652a252be5ab1b17f908ec6ed184310000c45b47021800e04b14a8be9acaf4b02ccbfcf9000024c91b45021800e07eb7a4b266b3399fcf4fa7933f070080947873480003003cc97abdeef57adedafc56abd546a311e3120100a9f1869000060078aac3e1a0c455afd7bdd9f94dd96cb55af9830000a83a6fff08600080029c4ea7f97cfe767145952c160bc62502002acf5b3e021800a048abd5eaedb8c47abd3e1a8d0e87833f080080caf1368f00060028de7ebf57e2aad56ade16fdd6eff7d7ebb53f0800800af1a68e000600f829a7d369369bbd1d97d86ab5168bc5f97cf6c7010010bf70dad1b74b8900060049c8b2acdbed5ab314d4ebf5f178ccb8440040051c8fc7d0ba79512911c0002021bbdd6e381cbe1d9738180c369b8d3f08008008ad562b6bd4baddae179512010c0092733c1e67b359a3d1b0862a68b55acbe59271890080184da7536bcec6e3b1179512010c00d2956559a7d3b1e62a50309b4c260a69fe20000062d0eff7ad2153ebe645a544000380d46db7dbe170688d56de6030d08ffc410000945bbd5eb7f66bbfdf7b512911c000002f8ec7e3743a7d3b2eb1dd6e2f974b7f10000065e5ed56b9974014021800e08ff3f9acb8a5d0e58dd86f0a668a678c4b04009496b758043000408cb6dbed6030f0a62c67381cee763b7f100000a5e10d15010c0010afe3f138994cc2a8faa0d3e9947c8a33002035de4411c00000b1b37189ad56cb5bb6df1a8dc66c36635c2200a00cbc71228001002a63b3d984457e835aad36180cb22c3b9d4efe3800000aa7f6c81a26df2e2b021800e06b0e87c3783c7e3b2e517abdde62b1d003fca1000014e2743a594ba4e6c98bca8a000600f88ef3f9acacf5765ca269b7dbd3e994e53a0000c5d86eb7d600753a1d2f2a2b021800e02e4a5993c9e4a324d66c3647a3d17abdf6470300f0048bc5c2da1d353a5e5456043000c0631c0e87f97cdeed76ad09bc50afd787c3619665e7f3d99f0000c0838cc7636b6ed41279515911c000000f763a9d96cbe5603008f3a12ff4fbfdc562c1f289008047e9f57ad6c4947fcc05010c00f044abd56a341a351a0d6b172fb4dbedd96cb6dfeffdd100007c4b581aaafc67f708600080227c3a556c3c1e6f361b7f3400005fe1cd49e9d7a017021800a0504c1503003c9cb722043000003e723a9d14b40683c1bbb71413a68a01006ee42d07010c00805bacd7ebd168d46c36bdfdfc1b53c50000d7798341000300e04b76bbdd743a55e2f286f46f4c150300bccbdb0902180000df73381c168b455856f8824d155bad564c15030088370f04300000ee747daa58ad56ebf7fbcbe592a9620090326f15086000003cd0f5a9629d4e673e9f33550c0012e42d01010c008067b83e55acd56a8dc7e3ed76eb8f060054daf97cb6fabf56ab79518911c0801fb35c2eed44befebb582cbc14c0575c9f2ad668340683c16c36db6c36cc160380aa525b60d5befa545e54620430e0079c4ea7f1786c3585a9d56a2af41f03f83ae5ab2ccb86c3e14777159376bbad07cce7732e8e0140956c361babe7bbddae179518010c289afa88ef7610e911028fa296783c1e7f34552ce8743aa3d168b158ec763b7f26002042ea5c59c53e1c0ebda8c4086040a196cba55510a6d7eba9a6b07f330a1178b8fd7eaf5679329974bb5d3bd0aed06314dbf47896f10080b8cc6633abc955e17b518911c080e2e4d357b3d9d4a60ae7f3b995a8e7670f03f024bbdd4ec7dd6834ea743a76dc7da456ab298f4da7d3d56a75381cfcf90080520a333ba2389d4d00030a924f5fbd5e2fac07b05eaf43a1950028c676bb9dcfe7c3e1f0a3d5148346a3a12354794c072cd33501a06c06838155d7abd5ca8b4a8c000614e1a3f425c7e3d1cad5c3f3220085d351b9d96c66b359bfdfff74f2981ea087b1b82200944418671ec58c7a0218f07457d297096b7270661d28091d8cebf57a3a9dea986d341a76847ea4d56a0d0683f97cae3ce6cf0700142874a58ec7a3179518010c78ae4fd39784d336515c37071274381c74782a8fe968add56a76c07ea4dd6edbe28a2c6d0a0005086bd02b867951b911c08027ba257d897a75f618d6e100a2608b2bea800d674faed063f448d5062cae0800cf10fa5151ac412f0430e0596e4c5f12cedcb4db6d2f02108fdd6eb7582c46a3d1a78b79d8e28a93c984c51501e05142ddabae9717951b010c788aed761bc6295d4f5fa29f860747317619c0159bcd663e9f0f068356ab65c7f547eaf5baf2982daec8b10f00df1016339358e6d213c080c7535d1066ed773a9debe9cb84814cb19cbc01700b1dfeca638a58b72caea87a63341ab1920700dc2e0c38528fcb8b4a8f00063c98fa5be11eafea4edd78563bbae1cb00be411542585c31acd9f596a2da783cdeed76fe3400c007c21dc054b57a51e911c080071b8d465611d46ab5dbd7400bd3c0d4f1f2220055678b2b4e2693ee078b2bb65a2d7529982d06001f0927b3225a789600063cd262b1b05a40f46f2fbd417e1a189d2d204dbbdd6e3c1ebf3b52b1dd6ecfe773e68901409eba4c5649aa13e545312080010f935f7863341a79e9cdc234b02f253700d5b3d96c5487bc3b465115c572b9e4a6ed0020abd5caeac688268009010c788c6f2cbc71613e9fdbd3fbfdbe1701489bfa16c3e1f0ddd189aa28b22cfb465503009511a6d0c77527550218f000ea0385eb57b72fbc7161bfdfdb2ba8b345a70a40a00a41594b89cbaa883c55174a68ca69fe50004849a81855497a510c0860c0038cc7633bfed519ba670e6898fbc13ad400de3a9d4ecbe5329ceec9abd7eb2c610f2029e7f3390cd5deeff75e1a03021870af70030ab973fa56584131ae2be9000a763c1ee7f379bbddb61a238f25ec01242274c0a25b419a0006dce57038dcb3f0c6853097b4d56a7911007c4c55d0743a558d6155471e4bd803a8b670dbd5d96ce64591208001770907fff716deb8a05708718e6e1380dbb1843d80a4a8d2b32a4e1da7e8ea370218f07db3d92c1cfc8f1a7ccc62f400eec112f6005210a6dfc7b87634010cf8a6dd6e17ae56cde7732fbd5b08752c460fe01e2c610fa0c2c269a6f57aed45f1208001dfa18e4b98fedeed76bdf411f297d4e91e01b893aa1196b0075031dbedd6eab146a3e14551218001df116efca71eccc3276bb1183d808763097b009511ba61c3e1d08ba2420003be2c9c77117568bcf471549bd88bb3183d808763097b00b10b4ba03da31b56000218f035e7f339acf8dcebf5bcf4a1588c1e400158c21e408c8ec7a35755bf7e45baaa10010cf89a70afe446a3f1a4654f559b8479f3ac5706e0d958c21e4044c2fd973b9d8e17c58600067cc166b3b1635eb22cf3d22708e7a439030da0302c610fa0fc068381d54bd3e9d48b624300036ea59e473843ac83df4b9f234c9467320680e2b1843d807252e5134e126db75b2f8d0d010cb855581ba3d1683cfb347058339a75c900fc1496b0075036ebf5da6aa14817a0370430e02661610c29e0967f21ec3d75a02300dce27475097b4b625c1303508030153fea95a20960c0e78ec763a3d1b0035e47be973e93aa15fb7591aeaf0aa092ae2c615fabd5fafdbeaa2c56ec00f024e7f339f4c7e21d7f280430e07361ba67b3d92ce62c6fb8c3e06c36f32200288d2b4bd84ba7d3514edbeff7fe680078842ccbac9289fd3e3d0430e01361b553296c46d662b1b0df18ef0a3f0052a094359bcddebd2626ea248dc7e3a84f5403288f30107a3e9f7b519c0860c035c7e3312cb633994cbcf4f942ea1b0e875e040025a6da72b158bcbb6287341a0da68a01b8c77ebfb7faa456abc53ed49900065c13ceb5b45aad22fb0d61911f021880b8a8aaccb24c75d7bbf71363aa1880ef09d3e355877851b40860c087c23840f5180abe1f57b8e3b312a01701406c5495a9cf14eea07881a962006e17cee914b018f5b311c080f7e557da297e22d6e170b05fad0e8a170140b4982a06e04e5e5ffcaa4278218001ef9bcfe7769cabc750fca48510c09acda6170140fc982a06e07bbc9a2080015595bffca5ae809716cb7ebbde866f03408530550cc0edc2ac10f1a29811c0807784cb5f3f987fd4ffb0f7e0db0050514c150370c5f1780c9da2c160e0a531a36f075cca5ffefac11b4d84bec8e974f22200a834a68a01782bac7ff823b3429e8100065cca5ffefac1e3bcd7ebd9db28eceecf0050124c15031084d3e23f352be4e10860c0a5325cfe92c9645286b701003f88a96200fc80afd0a40c0218f097d56a6507f9cf5efe92f04eaa31dc1900eec45431204d7e9013c080aa0a730f7efcba535889bed56a79110080a9624062fcd826800195549ecb5f260cb9611d0e0078ebd3a962fad1743a55ddce9531205e7e4813c0804a2acfe52fd3ed76edfdacd76b2f0200bc717daa58d0e974f41845b2cd66c3b43120167e0013c080ea0997bf6ab55a491ae6b0eeea6c36f32200c055d7a78ae5a9b6ef76bb7af07c3ed7b3186b0094931fb10430a07ac2e52f35c65ef4d3b22cb3b7d4eff7bd0800709bc3e1b05eafa7d3e96030f868c2d88546a3a14836994c96cb25b700014a22dc85d9b7e34700035ea891b663bb3c97bf64bfdfdbbb6a369b5e0400f8aedd6e9765992259afd7bbe51299b45a2d3dd82692e9e9fe42008aa25e991d8cf57add8be24700035e8439dce5b9fc65588703009e67b3d92c168bc964d2ed76afcf1f0b3a9dce6030b0896487c3c15f08c0738419223a48bd287e0430e0e59ca81ddba5bafc65588703000a733a9d14ab66b3d970380cd5ef7536916c341a31910c7886e9746ac75ad94e91df83000694f7f297e82dd97b631d0e0028de7ebfb789646a296e9c4856afd715c92693c962b160221970a7d049cbb2cc8be2470043eaca7cf94b588703004a65bbddda4432a5ac1b2792e96136914c4f642219f025e128abd2ddfc0860485d38b3321a8dbca84c58870300caec7c3edb44b2f178ac4876e344b276bb6d13c9d6eb3513c9802bfc98a9d01288420043d2c2e52f29ed59c9eaadbe0a0015763c1ec344b24ea76315f8a76c22999ec5443220381c0e768054ec34345d3a244dada31dd8651ee067ef507c1b001095fd7ebf5aad6c2259abd5f23afd2a9b48361e8f6d22d9f97cf6d70252b2dd6eed88e8743a5e540974e990aee3f1182e2e957950bebd43f16d0040e4d4ad5c2e973691acd168782d7f55b3d9b4ab6436974ca9ac84f39681c70a33e10783811755025d3aa42b2c3058f2f52dec4d8a6f03a5a14ea47a81ea0e5a3ff22336855aff558fd39f0920c72692cde7739b48164e0edea2d56ae929043354920e0afb9e4f26132faa04ba7448542c97bfc4dea4f83650b8c3e1a05edd62b1500fafdfefabb777e34a031774d0f92b02b8ca2692e988fbd244b23c82192a40b9cbbecf4a625e540974e990a8582e7f89bd4ff16de036bbdd4e5dae409db0c0ceb2077685aa00e55c6b1488821dd1761e643018e8c8bd71ece205821922a2afba7d6f57ab951755025d3aa428a2cb5f62ef537c3b49fffaafff5aafd7ffe55ffec5b7f1ea743a59b2b2de5861392ae8743afabd7a03b6745bf98f26a07af6fbfd0383d9783cd6eba8b3abd7643146fc387d27edfbb9dd6ebda81208604851b8fca503db8b4accdeaaf8767ad41bf08fe0d7afc497023b1c0eb6965aafd7fb5e1feb7bf2b3ffad67c69a6c40c93d2a98b5db6d82197e4a38b158b1ebb4043024471dc7307d258a2bdaf656c5b71360338ee6f3b9dafb8bc90ffe8864ec76bbe57239994cd401fad2bc7c3d584f09fafdbe3ecc409fad3ee1401d35ff7d00aa8e608658a8c3665fb6eacd1f2680213961451d351e5e546ef66ec5b79fc9928fb12592cd70387cedc67feece51709f2eede06fb4baf4c9eb2b3a1a8d6e99766f294b1d20edac8a0dcf0050308219ca46dfc9f0a5f2a2aa2080212de7f339b428515cfe127bb7e2db5f640b85cb7abd7e0d532fd4bf7f494baf8a9f38740fffab2a44bb46894bdd9d5b6ecfaa6faf7699f6a0bebd95b96ca56fa6fe2856a807cae9b1c14c86c3e16b43f4c2129af1df07fca6af877d79cabf5eda5711c0901635217630477436c5deb0f8f60d99ea7bad6379d88c233b81aa3f73b7dbf90f2a11c0f4e7e87ba8fda52fa1ff551f532ab3d183fa1caaba52997d5dab37c204a8b64705b3b7eaf5fa6b53f682b496b23064a9623701130218d212babc6a33bca8c4aca76e6fb8007675c5a835f5166f3ad57bf016efe7260bf95b8c3380e943cbb24c79521facff191feb743aea70d81cad4416ba0873db580b1ba880e705b37791d62a6c341ad95e8ea2cff62504302464bd5edb91acc6a09c5d5bbd2b35156a397abd5ee895dec396153693c9c49a255b31dcfc54a0fa2aff7b2209600a126afbf551eb63ff743fb6db6d751ad4ba243b894bdf76fb28aad7c402082c98193543d61ed90a43e69661d87722adc525b40ed5db2f043024a4dfefdb91acdad68b4a409d75bb3c72cba20b52994cf525fec797358085fb71ddb23a7cb3d9d457d1765922d7b8ae5b2e97f6c9e82bed4500d256aab4168684584e63c5a3c284f6b47ae323086048856a733b8c6bb55a198e64f5bc559b5f5f0043554f088de2cf4c927f0465fa106c80a81ae64f5731512bae60a6ddbd5eaf590dec2d7d26e13aa17a5a5e0a00b7c9a7b5f9ebfd4b8cc527b965c2ed37d87465b193a136745c184dfd1087c3c13e67b5a15e54210430a462fcfbe6cbc3e1d08b7ece72b9fce83a49abd51a8d467a40b890e53f2080bdf2ed9fa0cc6cab9ea8b9bd3eb0503fb52639cb323521fe7c7c2c0cf417fa2e00eea18adace8be9bf6afa2faa94fcdd569e9dd6ec05b980f63d8bdf73e0abb704a210c09004d5bfa1c7bcdbedbcf427a8f27d5bb9ab825667fda3cb23fe2002d82bdf2e8a62b0c2f02d2b16763a1d4bce3ffb058b94c26d1882cb4c30005fa260737d24c2bb49ec1621add930485b4b493e1d6a7e8b70014d2fab170f5309386d67c20820e5642faa10021892a0a3d70e63d5745e543875e5c37452a31afc96bea63f9a00f6cab79fc9da5a55fdd79b581b20aa47723af321980906e01bf22758afd3c3be17c3aeb0c89465d9eb25aea91a05d56037cee8fe945e47afa6d7b417d76fb15fe7bfbbeaeaf5ba7d0e953cad490043f59d7ffae6cbaaeef323ac44cd802ad31b1760f0e710c05ef9f6436907e98b31994c3e6d35dbedb67625030b9f213f13ecb13d24009514861a7ec93362d8479e7a014d2f62af56c90b68fa43eccfd42ef6a26a2180a1fad4b7b6c3b8d56a79d1f3ed763bfd5ed589fd7e3f9cc531eac17fa9eaf7a711c05ef9f623a8c7af1d74bdfd56536deb67a831b83130e3dbc22562462102f8d4458cb938c1aacd4f878eabfeffd9dae635313df7025aa4fecb7ff92ff657fce33ffea3366d9993407bcd3eba20ba069a0086ea0b557001c388b7dbed95aa53fdcb6f5c49f72713c05ef9f67d5453ebcbf0d139480575bb3117b3b90ac6284400373a9d4e565d1835affe83bfa9b6cf0ffe7f77f17a75e8fdd125f3d40b68d5162e0f06658b700430549cfad07634d6ebf5671f5dc78f47a22b04aed76b7fdc17f94b10c05ef9f61dd4cb7f7bd5cb6ae7d56ac5e0b71f94ef51791100bca1ba3a3fb4c44b3fa0a67f3018e861b606f2bb57c6f42375c1edf111b1e4f0a40b6889bb887061269e09033e03df2537a39143c5e998b163693c1e7bd17328e9e54fb3a97eb7c35575fd9d175242a87b778dc444d82720befd2dda1717a73f55c3cee7f382cf7be10adf310430001fcb5f02fae8dad785b727d72e2e8ee5359b4df5b0fd7128dcfffedfffdb76c4fffa5fffcbe28dc59e4081d983d16ff6f8f2b818ff69f3f40265661a3954992a5c3f149e39ad7fb1585c5c515147df7ff608e16c56caabedd92720befd45aabe2f4e0ad6eb75558244afb2f1dd430003f081305659f46f2ffd163501e12ced5b8c42ff29a14ff5ed6e4f18bd1958f2097e3ec2f93b05aa68fcfbe6cbaa61bde8d17418dbaf081efebbc20a8a3f3b57f867d92720be7d33b5a017156bad569b4c26295f4e2c33df49b44d00dea376d0eb88575e7a1f3513ea2dbc1d9aae92949bdd9fa2ec649f7fbd5ef7a29f7011e1c2384f13e6e399ef0cfbf4df0354cef97c0e63c41f7e1eebedeab78d4643494947a93fe271c24dcc9e3d8ab2ccec1310dfbe816acfb7a736f51932cbabcc7c3fd13601784f7ef0a1da5c2f7d287518fc17bc526fdb7f8042848cfdbc53e705b0d816d8322ac14be7c41f08544ec82ded76db8b1e27df0648afd77bde603685bdf05bbc283df609886f5fa588351c0efd09bfa94491cc1f81b2f2bd450003f01eaf207efd7aea00f230f0c4341f3725ecf4c1ed4f5462c329dfbdb9994ad2b91617ce9c16b072f50fa291436585e5161e3b23cbe4573b1c0c064f6d09c24c36a53e2f4a8f7d02e2db1f50db361e8f2fd6a2546dce50fe58f83e238001788f5710cfaf22d4ac5f2cd1717f3ba210955fbcf1825a2e3de66dfaca4b21893d6fec52a9d0c8e1593e3acd93a79fde3983f6230a5df62b145a9e918e66b3995efc49e31fde0a89c2b7d3637fbef8f67bb4532edab66eb79bf2ca2531f23d470003f046189c265ef44cea3ce40753dc39222effe6df653d0aeb5d7caac249ccffc2aab70234727824d55636d47530185c39cd9367a77c1e4e3d6f7bfd6a5cc2b6bf457c3b3dfef77ff009ecf7fb8b29b0ed765b5f45ff31e2e1fb8f0006e08d30f85f7d0c2f7abefc94302ffa96f0e6bf7aeaf92207e63d6a6064a9f8df4600036eb1582cdebdc1fca79e71112954974a77d55871c1fe1cf1edf4f8dfffde27a016283fe650d1eb19834e510cdf8b0430006f78edf0e409606ff96fbda35eca5ffefaf69b7f9bc49e740afb67f9df460003ae3b9d4e61c6e485e78d30bc2ed450512f1bf8ee4c5cff597afceffffb13b8b8f0a5a6a892a70393e2fb920006e00daf1d0aaf1ffcb7def17b1f7bed4e492c9c76ac5eab677f97f876b5a86b371a8d5e7a775e007ccb76bbbd0809ea10ebbbb5582c7e6aeecdf1780c15933ae85e1aa1b7e9abc8411765e31f41ae46beb8f0a52f5ed4bb1bc67727010cc01b5e3b4418c0fcf98fbb7637fe7d9bd3ea5d04b3bf4b7c3b7eea972e97cb7ebf9fefb4d0c8e1fbb22ccb7f9986c361c1a302de35fd7d67e43be7cbfe38050cfb43ccb3d75a2c39ff145eab2c2e7c5598ef54da26006f78ed5078fde0bff58edfebcf7fdc3b577fc05fb172b5a5ff55f1ff5dbbdd4e3dd276bbed7fcf057f14f045f92be0fac78f0c357c57988ab65eafbd08f10b5f362e7c559bef57da26006f78ed5078fde0bff58edfebcf7fe83bf757ac5c6de97f559c7f97fac6abd56a381c8641a717d4471d8fc7dbedb66abb0d8509b739d697ac543de0d03bf76dc4ef743ad93efd0fffe13fd83f443b9a0b5fd5e37b97e317c01b5e3b145e3ff86fbde3f7faf31ffacefd152b575bfa5f15d5df75381c168bc5c58de3f2f4233d400ff327e8cff4ff035f142e34956a9df7d0536f369b5e84f8e55701365cf8aa2adfc195eb5200b89fd70e85d70ffe5beff8bdfefc87be737fc5cad596fe57c5f0776db7dbf178fcd11ae08d4663381cae56ab77e78f546db7a118e136c7b592adf3ae4eb9bdb176bbed45889cf6e97fffefffdd76ab70e1abda7c3757ae4b01e07e5e3b145b3f8489e5e2455f17c6e6ec763b2fbacf66b3b117b4d3cdcbe5322cdca57f2c22bc47f3db959ffd0725733a9db22cbb72b75bf53ff59df97447d3c8e13bc2baf3cfb88bd73d4295d4ebf5bc08d1d2de1c8fc7a1dd927ffcc77fe4c257b5f99e26800178c36b87a2ea878b4870cf42c47aaebdc8a396070bb7dbf99ffff37f5ee416a307a80df547c7e0ed5fe13f2807f53de6f3797e01b03c7554b46715836fbf264123872f0b5799e451e7721e45df7e7b63aa7abc0851b97e6e893b2c579eef6902188037c2f9b802c641a83b916f867abdde3d0b11e707d24fa7532ffdaefc45b9fffc9fffb3ffeb09148a0a5b624dfbd47febab1f3fbfaf28a504ab8f5a1d927723aea85ceff37b4bbed1c8e1cbc2dd27baddae1795463880efafe050a4eb1358ffd37ffa4ff68fb2057e3c9ced68f16d00f8adb09b5fe5138ea80b7e4ffa32e19a95dcd396a9adf457798d85a1db636f52c218a58778f6475d1efbfd7eb55a69d7ab73fbd11a86a6d3e9cce7f33bc7e3d0c8e16b746c87734225bc1c116ae718074027488dd06432f968026bb3d9d40edd6eb7e1aca7be7efe4c5494ed68f16d00f84d4dc0b32f82bd9d89f4a84b317af3ead9db6bde33103164832b17e5d4b6aaf5fce8bacd57f98b56ce66b3515f511f54d82f57a8ebab889b65d9e974f2e7df87460e5f13c6f8a90af0a23209679818ab565a764b78eda98fce30b5db6db5ace1dc5218f2aa9c6625a830dbd7e2db0090134eb38a02c60307c8bd8d5e770e3b7ceb210311fdf9cf3f2359e480cf0228382971e96f518efaf0e6c839faf315ccf47dd3776cbbddfaab3c0e8d1cbe264c402ce718bf701ae319470bbe4ded8422b12ab28f2e76899abac562f17602ab9e680f78d4dc659499ed6bf16d00c8516b1282c1533d64d8e15bf98188ca7b5f1dad931f1be9456f5892943bd369c8bafac0bd282a87c3c18614aa77717d48a1d163f4483d5ecfcadfb0eb4968e4f005e1e48d8ec652ad3e1f84fe7d01070f3ea518acbaeca35583e4966bfa6180fb6432f1225497ed6bf16d00f85b68149ee7792b4028d4a997efbfe6378525a59d4fbb55f9d95f6a3abdf48d1036ee0c4e7aabf63ae245e5a62e8732a73ec96eb77b4b4a6fb7dbfa18f575da6c368f1a58783b1a397c41381d52da6b11617eda334e5ce116fbd7a55af50db952fd2992294dddb8426e385fc8bcbe14d8be16df0680f73c298615b0f89efa27f9eb60df707d6ca43fe8117f8bbf50292b647d0236a4501fe695f3bc7936a4507d89320c92a291c3ad8ec763e8527f6fcdcd670b676b14c3bc0845399d4ed3e9f4ca55fe56aba5c660b55a7df53c53a85819569a02dbd7e2db005045f7c4b02be94bfc418fa845fd85ca51211f0e07753ed5d3e8f7fbcd1bd61751874489cb8614deb962e133d0c8e156e1f257bbddf6a292d1c169ef90d51a8a64d12b5c7bcc53f537180c96cbe53d2342c32b173f4200c5b37d2dbe0d0055a78470cbb210e6fa75adfc30452fba83bfd00f55c8bbdd2ecbb2c964a21cf56e1fe382fa7eea72a843f223430abf8a460e37c95ffe524de1a525a343cedea18e552fc233bd1bbdf43de9f57af3f95c55a73fee0efae2d9cb2acb79112acd76b7f83600e036f9aeda954962b7b39712df7e32f5e2d47950c2bc7d48a11eaccc79e38c8652a191c34dca7ff94bb22cb337391c0ebd080fa5ec7de5bafffd6b2ebdb55eafedc509d589b0dd2dbe0d00b88dd288d59feaaa5d1fa678237b35f1ed87525c5470b221855756480eeaf5ba0d295467af84430abf8a460e9f8be2f297842bef2c97f70cf9afc18567442f13f6e9f54117a80cdbdde2db00801be4071f3eaaabe62ff7a00a59a949d94909eaf62185ca6636a4503d107f95aaa091c3e7a2b8fc253a4aed7dcee7732fc2e384af41def3a29709bf947d9a08dbdde2db0080cfe4cf90f67a3d2fbd9bbda0f8f617293829168e4623252e7fa1ab3a9d8e1eace63ec621855f4523874fc472f94bc282424f8d04c90a1568915f8370bf94722ebc8987b3dd2dbe0d00b8ea743a0d0603ab391f35f8d0d86b8a6f5fb5dd6ed53db02185b7ac2962430a27934996650f99341e171a397c2296cb5f123aeb299c3b299e5d6054c5eadb850853ceaa37fc00efb2dd2dbe0d00f759afd7eae857f5ccacfebafc70bec79e21f5177daf425647cbc613aaeb75cb0c2e51836e430af59e69d369e4704d4497bf249c71a9c0ec4c48b8b19bbe845e84aab33d2ebe0d00f7b11b5456b21dc977d2e481830f8dbfeeeb796d2558652745d97062f4539d4e67381cda90c2075e97ab061a395c13d1e52f097701e68651d5a0206d3b941bbba5c3f6b8f83600dcc7eb942ad62a61d943f57f1e75894f3d28e5a5c56231994cecc56fa48ea25de05aad56090e29fc2a1a395c13ce7394fff297d85be56a49658435e81f7e560fa5657b5c7c1b00eee3754ab56a15c5adfc95a86f77d22c6ecde7f3f178dcbd6d7142d3e974885bf7a091c3878ebfef81ab03d28b4aec7038d8bb5595e445885c5854570d8317a1ea6c8f8b6f03c07dbc4ea950ada2d8e37fd2abdbcf51aa5fa7b8359bcd6c65c2fcf0c5eb14b70683814ddf6296c743d0c8e143abd5ca0e3c1da55e5462bbdd2ea2778b5bb0067d826c8f8b6f03c07dbc4ea94aad7291be948b3e9a5e75381c14b7f4f8e170a8ae913fe1067ab09ea227eae9c4ad27a191c387c2411ec5f587305c4d9591172172fd7edff669142360f110b6c7c5b701e03e5ea754a256c9a7af5eaf978f5e4a4aea08e901ea05753a1d7fd0676ab55a3e6e29b3f9cbe1c968e4f0a1d0fdcdb2cc8b4a6cb95cdabb1d8d465e84c885652d195f9e0edbe3e2db00709f30d04e19c38b22b45aadf293befef99ffff9dffeeddff417a9ab16daca4f59dc523769369b296eb116fc0fa291c387c2a282515c800ea785a2ae6191176603b37c6d3a6c8f8b6f03c07dc2687651f0f0d2a8fc9ffff37ffee37ffc8ffe37dcccee74ac3fdf1682276e950a8d1cde17d70a1c121663adeacd165313be818d46c38b9000dbe9e2db00709ff3f9dcebf5ac6289659d64bde72ccb86c3e18df73816b595f9b8c5fd784a8e460eef8b6b050e090326d7ebb5172166dbedd67668a7d3f12224c076baf83600dc4d79268a8188fbfd5ef129c4c52b2c6e4d2693c562a1b8c53891e8d0c8e17d61445f142b70489872ca7ca16ac8b2cc7628abaa24c576baf836003c427e2062a93298b2d36ab51a8d46f9295eeffaa77ffaa7e57249dcaa061a39bc2fae153824d45c8c72ae86d96c663b94497d49b19d2ebe0d008fa0d092bfb2f4e32dcbe170582c16ea6b854b73175aad567e31c38b350f113b1a39bc2fae1538245461be8dc80d8743dba14cea4b8aed74f16d0078908b0cf623e365d6ebf5783cbe32b34b914cc1ecfffedfff9bbf6447faaa1e1a39bc23ba15384ea793bd61166ca88ceeefbb466e361b2f42026ca78b6f03c0e328c684c64551c74b9f4c7daae57279e56257b3d91c8d46abd54a6f4f8fbc188b48faaa241a39bc23ba15380e8783bde156abe545885cb806cb98d2a4d84e17df068087daed765ecb3c7920e276bb9d4c26576ed2a564359fcf6d9cd1dbdc65485f554523877744b702c766b3b1371c4b62c4752151c7720d168f62fb5d7c1b001e2d0c71972fdd196cbd5e8798a47fbc1d217f3a9d5438180cc27d2c2f848b5dffeffffd3f3d52efe4dddc25efbe3e2a83460eef886e058e70c94e75991721666a756c87163644042561fb5d7c1b001eedfcf79dc1168b85ffe0636a95de26253dd77ebadbed14e4f26b66dc43f98dab5e9547238777843337b1acc0a1dad3de702c97ec705d383d399fcfbd0869b0fd2ebe0d004fa084939f9175652ce2bbd1cbfc8ffff13fd45a8501f37722772585460e97c2f0e888467f8531933fbeb02c1e22b476dcd52d35b6dfc5b701e039c2cd4ebeea9ffff99fc305b4b73a9dce7ffb6fffcd373ea6f8a717d17bd86eb7fe8690121a395c9acfe7563b4434fa6b341ad97b66c074054431016cbd5e77bbdd5b06aee04b6cd78b6f03c0d3e4c7227eea9ffee99ffeeb7ffdafbef137b55683c120cbb2d3e9a497b568c7242e5c4123874b61025844a3bfc27b56b7d88b102db561b637cb7c0a205ca3e3a2eb63d9a72abe0d00cfa40c965f93e34bdaedf66432e11216be81460e97c204b088467f85db7a500f5640b8fbe49716a72a58fe1699657e9fd1f1cf940006e0875cbf57b25dec5a2e97dc2205f7a091c35f629c0026e172c4e170f022442bdc35a5ccb760ce0f5c090b61e17ef6918a6f03c0f3294d2d168bfec7f74ae662171e8b460e7f8971029884ab76ac2014bbd3e964bb52ad60c9f76658fa45bc0877f30f948f14c0f35dbf57b29a21f58514cc38b78b87a391c35fc264aa882680a99b6eef990b1115106ee956f27b6ae7d3d76030f052dccd3f53021880e7381e8fcbabf74a6eb55ae3f19829e5782a1a39fc25c6096061d1bc66b3e9458856985b55dac52d7468e4676cf77a3daebb3e907fac0430000fa5aa7bf6f1bd92b9d88582d1c8e18f4827806db75b7bdb25bf66825b94730298be63f3f97c301884d98686f4f570fec912c000dced743a655976e55ec9aad247a3d16ab5f2270045a191c31f914e000b83d6e27adb782b4c00939f0d36c7e351dfabc9641216d87c8bf4f50cfee112c0007cd77ebf577fe67aedad07e861fe04a0703472f823c60960b25c2eed6d0f87432f429c42966eb7db5e54b8c562717199eb42a3d1188d46655ea1315ecce704f03daa3dd482a872fea8020f17bb387186322080e18f708d3ea20960129643e096b8b10bbb723c1e7b51b1f24b6be4a9e51e0c06f3f99c35889f8af99c00be4495c662b108370579abdbed72b10b254400833b1e8f565bc535014cc2b20daa85bd08710a234656858fc83f9d4ee18b64f466269389de0977db2ccc66b3091fbe170140ce76bbcdb26c3a9df6fbfd8fee95dc683486c3a11ea68add9f06940c010c2e8cfe8aaeeb33180cec9dabb6f52244e87c3ed77edf01b3c856f370388c46a3f0ab85c95d3f4587b0ed0256f607209bcd66b95c2a6ea967f251dc0a3a9dce6c368b6b080f92450083fbf1d15fdf162e9b302d276ae1ea476113c0f41bc3bcc780f4f583e6bfd7018aae160270a7d3e9a43a79b158d8ea471fad5b78818b5d8814010c2ef444a3bb8e14ce8a31c83b6a459e02582e9761bdfb404d7ef1431f91a78e97ed8bb8d60102f055c7e351716b369b8d4623d5bd1fdd13f92d55ddeaaea8bd5075cdc52ec48b000617ce3645176342c5cd09b0a8852b994f3d05a0f6feed89d5e17048435e06da11b647184e0c5489fa158a5b4a4d3ac643557f0b3d783018e889ebf59a73aca81202185ec4bb0287d83b17df4684f213c00e8783973e941aef4ea763bfc2e8db3e994c5863a33c42cf4c7d352f02109bdd6eb75aad949a949d2e6add2bd404a806188d467aa26a802735044049d067c58b7857e0107be7e2db88909a5bdb894f5a7f7cb95ce697d9d06f592c16ccf52a9b309c98be17108bb02c61afd77b3bb4fb23f57a5dfd8df1783c9fcf55ff73220ca9a1cf8a17aa3aad4e8c71eebbbd73f16d4428acbe307cc2ddb477bb5d485ffac76c36f31fa064c26e221b0325a403536169b158a8cfa0f8d4bc7acffabc46a3a1c74f26133d57afc0010ed067c58b7857e0107be7e2db8850f8062e974b2f7a10b5f4e1a4acfec12c82d23a9d4eb69b621c080d548f2d4b389fcfc7e3b1e2d38dcb124aabd5d2e315d2549feb15fce500e4d067c58bb08e458cdd537be7e2db8850f8063e76ec993a10a3d1c85eb956ab91beca4c7bc7f69472b21701288aea5e85a5b02c617eccf6756159c22ccbb6dbadbf1c80abe8b3e285d7a37166187feb04b068ed763bdb838d46c38b1e61bd5e875c278c3c2c3975fe6c4ff57a3d2f02f01cfbfd5e35a452d3579725ec743a615942168f05be8d3e2b5e78cd1a7f005b2e976a4b1e3e8c0d4f152680f5fb7d2fbadbf178cc9fc1a54f5f7e3a6c6d673d631e2090b2ed766bcb12aa8ebd7d5942517baae3514fdcb02c21f0500430bcf0ba36f200361e8fed1fea7933c737226102d8a36ebfabae7c981dde683408e45198cd66b6cbd4dbf32200dfa2c4a5ea7430188495453f65cb128e46231d898a5b2c4b083c15010c2fbc028e30802968f95bcf51abe33f460cc2dcee870c68592c16f66a66b55af90f506ee1048af6a01701b8cde170c8b24c07d18d17b8c2b284ca698a5ba7d3c95f084021086078e155723c016cbfdfabd9e8f57afebe7354c8e5af88849b80d76a352fba4f7e6564461e46643018d85e2333039f5233a7e0347dbdfbd6a7eb13aa5654dcd28397afcb12d244023f8e0086175e499738805963339bcdd44bfbe8de232a67b05974d6ebb5edbe4ea7e345f7512743afd6eff7e964c4451d44fb2630b31f78970e8dc562311c0e3fbddfb15a43b595f3f99c650981722280e185d7d9650a60f9c475e328767f26a21266fe8c46232fba1bb3176214cee2b3fb00a363c116cfe87eb62ebc7e6ad7b8d6eb354710507ef459f1c2abf0726498e572f969e2aad7eb0a667a6418c026fe7c44250c3c63e64fca0e87837d0d9acda6170149fa74ac47d06eb747a391da412e1a03d1a1cf8a175e9dff7486399fcfe1b6b96f753a1dfd54ddf48b3115fe6302589c42d866a84ccad489b4af016bd02335fbfdfec6f5331a8d86ddf298795c40ece8b3e285d7ee3f9a618ec7e345f3f351e2bae08f268045487d08df79bf7ed19f489972977d0db8108aca3b9d4e4a50ca51bd5e2f7fb3f877d95a854a68dc860ba812faac78e135fdcf651845acfc3a4eca5db777c7fd3904b00869bfdbbe6bb55a5e842485d1560ca6422585f5333e1d60af07b07e065079f459f1c22bfe9fc8306a96c6e371985eac7f7cf514b83d517c1bf1d0beb67da70e8717213d610258bd5ef7222072b67ec6643209cb7b7ec4ee806ceb67703f2e2011f459f1c2db8102338ce5ae8b49c68d46e31be7fcfcc904b00885297fb3d9cc8b909ef97c6e5f837ebfef4540846cfd0c7d8d3fbd3157583f63bfdffb9301a4843e2b5e789b504886592c16ef2eeed4e974beb778ae3f9f0016a130eb6fbd5e7b11d2a30eab7d0d94c4bc088881e2934294a2d48deb67289e29a4f99301248c3e2b5e7813f1880ca39ef445bed2a69a28fbe9f4f526b9796a96d47addd326f90b11c02214869e32f02659bbdd2e7c0d98008692534da5364e0d59b7dbbd71fd8cd56ac58db9005ca0cf8a17de5c3c22c3bc7b75ebadfb7357e0af48008bcd7ebfb71da72f83172131e7f3b9dd6edbd7a0d3e978295026dbed763e9fdfb87e861eb6f86ce55e00a0cf8a17de7a3c22c3cc66337fad8ff57abd07ae39ee2f4a008b4d9665b6e398f993ac7049bc56ab3119062571381c543bddb87e869a337d8d379b0d97f101dc8e3e2b5e7863f2d00ca38815eeed93d76eb71f7bc7277f5d02586cd4bfb11da77f781152921f7cc82a2cf8416a926e5f3fa3d3e98cc763d6cf00700ffaac78e10dcbd3328c9a2bff05af1e3bd3c35ff4d7af30d30c51e8f57ab6e356ab951721190c3ec4cf523364eb6784efe1479acde6603060fd0c000f4400c38b701efa790d8c3ad96100fd63879c8537af7f78114a2f7ff58313c90962f0210a965f3f23543eefd24f593f03c05311c0f062301858c3d36c361f3b3e304f7d6efb2de2458f10669d8d46232f42b9a92714166be1ea479ac2402f061fe27e8a499bdfb22c53ca32c3e150514a3e5d1daadd6edbfa198f1da00100ef2280e1855aafb0a2ee53638cfd0af16d2429dcf749bd704e30a7c9be00e2db408e4dca3276d9ca8cc7630b54f2e9d0c1ebf2eb673cefb42300bc8bc60f6eb95c7abbf4ebd7f3fac4fe0be875254c3d1eff123c73c82b4acebf015405c9d86eb7af79eac56c367bcd532f3c4ebdf2efc4d3d8fa1959961d0e077f5b00f01368fcf04768ff168b85173d9abdbef83612a3be977f037efd9acfe75e5a21ebf55ac7d1f38ea0caf02f015541b4f6fbbda529d1b1ec716a3aedf7fbaf61eac5a7b72a7e089bb265eca296d1bbf2f7b7d930cf1040a9d0f8e18f70114ccd98173d9abdbef8365272381c4287acaaf7fe0a534d98da749d7d4ae2db2893dd6ea7d012c6fe8599549f2ed1fe289d4ec77ea34c26137b1b6269caf87b058008d1f8e18fd3e914d6865253e7a50f652f2ebe8d649ccf6775aa6cefb75aadaadeb434dc7141879217e13df629896fa3403afa2cc32c160b0b361675c242b50fa757b65f21a3d1c87ea9ac562b7b2752d53a0100dea2f1c35fd4347a83f9e8bb75197f697a5de9095f2d25930a0f075287d2fe4cf122bcc73f233ea5e7f8e8125638c576a746a3612f2883c1c07e8b2c974b4b53c23c2b00f8088d1ffe723e9fd5a05a13ab7f3c7c350e7b65f16da421bfc44b96655e1a39f571e7f3b97a9f1fad70ed8fc31baa58fc33e253fa96a75ec20a53aa14dbecc515e4f4bb589f1d001e85c60f97d4ca7a3bfcda123f702a8b3a0dfebaf4ba1213a68e8cc7632f8a90bec07649417dd34faf247057ba2bc240cd76bbed45f8db532f61850181f6e24a71af698e4180005010fac178477e20a2349bcde572e93ffb2eb5f1f915b1bc140950c7ce76babe4871dd6f479de0d56aa51e6abfdfffd2b505d2d7752190ebe3f5a2c470090b0052463f18ef53c7e8eda95675a0d55df0477c2cdf6d7d777456afd7f387220121cf4f26132f2aa5fcf7f6967bbceabb3d180ce6f3f976bbf597c06dfc13fcf5ebfe333b656357aecc6bf67991bf7d3097b0000004307c68369b796b7fb34feffaf2908b69884bb8dc519ea062bd64bb1bac7ab1b7c42da3072b462aa73def66e529082144ffb8e59ccecffa3453bd7b9ae91e5cc202806a2380e113df88611f190c06718d40c3fdd46bb4bdaf4eaa171548df37bd812ccbd485b559345fba91918259bfdfd77395b8e8fb3ed045ada24fd87f5094e233d5052e610140ca0860b895fab2eac27af7e12abaad089e37fed0c295091369f45bac5f2bf67b6fc7f7b6480f3cb3531ef9c5d9f5cdb7efa4f8d774b3a9f00d180000b723800178a2478d3f3c1c0e16aebe7409eb239d4e472fa59eb16280bac5c4ad1fa108ddebf57c9794d86b9e7a91bfe19552ba652af1bf070080db10c0003c8bfaa6d685bd67fce17abdfe7637ddae48d8449a2ccbf47e18e2552ab75f577fac76bb6d994a5f2d0b5412c6010adf1300c0f310c0003ccb3de30fd5039ecd6657a6e2d8552cc95f97b0b50a84b15e0000a09c0860009ee2783c86c5eebe34fe500f1e0e876f57eb56e2cab2cc1f0400001027021880a7188fc7169cdaedb6175d753e9f97cba552963d2b50121b8d465cd1020000d5400003f01461b58cd56ae545bf85050ce7f3f9743a55beea76bb6f6f22d76ab5168b05b37100004075fcfbbfff7f81d35578ae5eeec80000000049454e44ae426082);

-- --------------------------------------------------------

--
-- Structure de la table `milo_kills`
--

CREATE TABLE `milo_kills` (
  `result_id` int(10) UNSIGNED NOT NULL,
  `user_killed_id` int(10) UNSIGNED NOT NULL
) ENGINE=InnoDB DEFAULT CHARSET=utf8mb4 COLLATE=utf8mb4_unicode_520_ci;

--
-- Déclencheurs `milo_kills`
--
DELIMITER $$
CREATE TRIGGER `add_score_trigger` AFTER INSERT ON `milo_kills` FOR EACH ROW CALL add_score( NEW.result_id)
$$
DELIMITER ;
DELIMITER $$
CREATE TRIGGER `reduce_score_trigger` AFTER DELETE ON `milo_kills` FOR EACH ROW CALL reduce_score( OLD.result_id)
$$
DELIMITER ;

-- --------------------------------------------------------

--
-- Structure de la table `milo_matchs`
--

CREATE TABLE `milo_matchs` (
  `m_id` int(10) UNSIGNED NOT NULL,
  `m_title` varchar(255) COLLATE utf8mb4_unicode_520_ci NOT NULL,
  `m_datecreate` datetime NOT NULL DEFAULT CURRENT_TIMESTAMP,
  `c_id` int(10) UNSIGNED NOT NULL,
  `i_id` int(10) UNSIGNED DEFAULT NULL
) ENGINE=InnoDB DEFAULT CHARSET=utf8mb4 COLLATE=utf8mb4_unicode_520_ci;

--
-- Déchargement des données de la table `milo_matchs`
--

INSERT INTO `milo_matchs` (`m_id`, `m_title`, `m_datecreate`, `c_id`, `i_id`) VALUES
(2, 'match test', '2022-01-20 14:15:14', 4, NULL),
(3, 'test 2', '2022-01-22 17:27:09', 4, NULL),
(4, 'test 3', '2022-01-22 17:27:29', 4, NULL),
(5, 'test4', '2022-01-22 17:29:19', 4, NULL),
(6, 'test 5', '2022-01-22 17:29:26', 4, NULL),
(7, 'a', '2022-01-22 17:38:53', 18, NULL),
(8, 'b', '2022-01-22 17:38:58', 18, NULL),
(9, 'c', '2022-01-22 17:39:01', 18, NULL),
(10, 'd', '2022-01-22 17:39:05', 18, NULL),
(11, 'e', '2022-01-22 17:39:14', 18, NULL),
(12, 'f', '2022-01-22 17:39:23', 18, NULL);

-- --------------------------------------------------------

--
-- Structure de la table `milo_results`
--

CREATE TABLE `milo_results` (
  `r_id` int(10) UNSIGNED NOT NULL,
  `d_id` int(10) UNSIGNED NOT NULL,
  `m_id` int(10) UNSIGNED NOT NULL,
  `r_place` tinyint(3) NOT NULL,
  `r_score` tinyint(3) NOT NULL,
  `u_id` int(10) UNSIGNED NOT NULL
) ENGINE=InnoDB DEFAULT CHARSET=utf8mb4 COLLATE=utf8mb4_unicode_520_ci;

--
-- Déchargement des données de la table `milo_results`
--

INSERT INTO `milo_results` (`r_id`, `d_id`, `m_id`, `r_place`, `r_score`, `u_id`) VALUES
(4, 3, 2, 2, 5, 51),
(5, 1, 2, 1, 7, 46),
(6, 4, 2, 3, 3, 52),
(7, 5, 2, 4, 2, 53),
(8, 1, 3, 6, 0, 46),
(9, 3, 3, 1, 7, 51),
(10, 4, 3, 5, 1, 52),
(11, 6, 3, 2, 5, 54),
(12, 7, 3, 3, 3, 64),
(13, 5, 3, 4, 2, 53),
(14, 6, 2, 5, 1, 54),
(15, 7, 2, 6, 0, 64),
(16, 1, 7, 1, 7, 46),
(17, 1, 8, 2, 5, 46),
(18, 1, 9, 3, 3, 46),
(19, 1, 10, 4, 2, 46),
(20, 1, 11, 5, 1, 46),
(21, 1, 12, 6, 0, 46);

-- --------------------------------------------------------

--
-- Structure de la table `milo_users`
--

CREATE TABLE `milo_users` (
  `u_id` int(10) UNSIGNED NOT NULL,
  `u_pseudo` varchar(55) COLLATE utf8mb4_unicode_520_ci NOT NULL,
  `u_mail` varchar(255) COLLATE utf8mb4_unicode_520_ci DEFAULT NULL,
  `u_pass` varchar(255) COLLATE utf8mb4_unicode_520_ci DEFAULT NULL,
  `u_datecreate` datetime NOT NULL DEFAULT CURRENT_TIMESTAMP,
  `u_dateconnect` datetime NOT NULL DEFAULT CURRENT_TIMESTAMP,
  `u_creator_id` int(10) DEFAULT NULL,
  `u_statut` tinyint(1) NOT NULL,
  `i_id` int(10) UNSIGNED DEFAULT NULL
) ENGINE=InnoDB DEFAULT CHARSET=utf8mb4 COLLATE=utf8mb4_unicode_520_ci;

--
-- Déchargement des données de la table `milo_users`
--

INSERT INTO `milo_users` (`u_id`, `u_pseudo`, `u_mail`, `u_pass`, `u_datecreate`, `u_dateconnect`, `u_creator_id`, `u_statut`, `i_id`) VALUES
(46, 'milo', 'milo@sfr.fr', '$2y$10$a1OuJQxuK7hRoL.BUon7IOntbBXvxwoHOzvJ9HkiVc56sx31q1sSi', '2022-01-18 13:43:40', '2022-01-18 13:43:40', NULL, 1, 1),
(51, 'skelat', 'skelat@sfr.fr', '', '2022-01-18 13:50:14', '2022-01-18 13:50:14', 46, 0, NULL),
(52, 'menbats', 'menbats@sfr.fr', '', '2022-01-18 13:50:28', '2022-01-18 13:50:28', 46, 0, NULL),
(53, 'benkei', 'benkei@sfr.fr', '', '2022-01-18 13:51:02', '2022-01-18 13:51:02', 46, 0, NULL),
(54, 'fana', 'fana@sfr.fr', '', '2022-01-18 13:51:10', '2022-01-18 13:51:10', 46, 0, NULL),
(64, 'Sem', 'sem@gmail.fr', '', '2022-01-20 13:34:21', '2022-01-20 13:34:21', 46, 0, NULL),
(65, 'admin', 'caca@gmail.fr', '$2y$10$wyUhAre.MsL7Fe.jdCZ/GejNDItEALUOfTosqSx1Xo6/kyIz5a74O', '2022-01-21 13:33:03', '2022-01-21 13:33:03', NULL, 1, NULL),
(66, 'test', '', '', '2022-01-21 13:51:51', '2022-01-21 13:51:51', 46, 0, NULL),
(67, 'benkouille', 'cacacaca@mail.fr', '$2y$10$C/uKjIqYgxY.mn3LbOAiw.caBIaNcbwMfWCQsYPKsUV99OfxSToaS', '2022-01-22 15:53:58', '2022-01-22 15:53:58', NULL, 1, NULL);

-- --------------------------------------------------------

--
-- Structure de la table `milo_user_in_championship`
--

CREATE TABLE `milo_user_in_championship` (
  `u_id` int(10) UNSIGNED NOT NULL,
  `c_id` int(10) UNSIGNED NOT NULL,
  `uic_elo` int(11) DEFAULT NULL
) ENGINE=InnoDB DEFAULT CHARSET=utf8mb4 COLLATE=utf8mb4_unicode_520_ci;

--
-- Déchargement des données de la table `milo_user_in_championship`
--

INSERT INTO `milo_user_in_championship` (`u_id`, `c_id`, `uic_elo`) VALUES
(46, 4, NULL),
(46, 18, NULL),
(51, 4, NULL),
(51, 18, NULL),
(52, 4, NULL),
(53, 4, NULL),
(54, 4, NULL),
(64, 4, NULL);

--
-- Index pour les tables déchargées
--

--
-- Index pour la table `milo_championships`
--
ALTER TABLE `milo_championships`
  ADD PRIMARY KEY (`c_id`,`u_id`),
  ADD KEY `fk_milo_championships_milo_users_idx` (`u_id`),
  ADD KEY `i_id` (`i_id`);

--
-- Index pour la table `milo_decks`
--
ALTER TABLE `milo_decks`
  ADD PRIMARY KEY (`d_id`,`u_id`),
  ADD KEY `fk_milo_decks_milo_users1_idx` (`u_id`),
  ADD KEY `i_id` (`i_id`);

--
-- Index pour la table `milo_images`
--
ALTER TABLE `milo_images`
  ADD PRIMARY KEY (`i_id`);

--
-- Index pour la table `milo_kills`
--
ALTER TABLE `milo_kills`
  ADD PRIMARY KEY (`result_id`,`user_killed_id`),
  ADD KEY `user_killed_id` (`user_killed_id`);

--
-- Index pour la table `milo_matchs`
--
ALTER TABLE `milo_matchs`
  ADD PRIMARY KEY (`m_id`,`c_id`),
  ADD KEY `fk_milo_matchs_milo_championships1_idx` (`c_id`),
  ADD KEY `i_id` (`i_id`);

--
-- Index pour la table `milo_results`
--
ALTER TABLE `milo_results`
  ADD PRIMARY KEY (`r_id`),
  ADD KEY `m_id` (`m_id`),
  ADD KEY `d_id` (`d_id`) USING BTREE,
  ADD KEY `u_id` (`u_id`);

--
-- Index pour la table `milo_users`
--
ALTER TABLE `milo_users`
  ADD PRIMARY KEY (`u_id`),
  ADD KEY `i_id` (`i_id`);

--
-- Index pour la table `milo_user_in_championship`
--
ALTER TABLE `milo_user_in_championship`
  ADD PRIMARY KEY (`u_id`,`c_id`),
  ADD KEY `fk_milo_users_has_milo_championships_milo_championships1_idx` (`c_id`),
  ADD KEY `fk_milo_users_has_milo_championships_milo_users1_idx` (`u_id`);

--
-- AUTO_INCREMENT pour les tables déchargées
--

--
-- AUTO_INCREMENT pour la table `milo_championships`
--
ALTER TABLE `milo_championships`
  MODIFY `c_id` int(10) UNSIGNED NOT NULL AUTO_INCREMENT, AUTO_INCREMENT=19;

--
-- AUTO_INCREMENT pour la table `milo_decks`
--
ALTER TABLE `milo_decks`
  MODIFY `d_id` int(10) UNSIGNED NOT NULL AUTO_INCREMENT, AUTO_INCREMENT=8;

--
-- AUTO_INCREMENT pour la table `milo_images`
--
ALTER TABLE `milo_images`
  MODIFY `i_id` int(10) UNSIGNED NOT NULL AUTO_INCREMENT, AUTO_INCREMENT=2;

--
-- AUTO_INCREMENT pour la table `milo_matchs`
--
ALTER TABLE `milo_matchs`
  MODIFY `m_id` int(10) UNSIGNED NOT NULL AUTO_INCREMENT, AUTO_INCREMENT=13;

--
-- AUTO_INCREMENT pour la table `milo_results`
--
ALTER TABLE `milo_results`
  MODIFY `r_id` int(10) UNSIGNED NOT NULL AUTO_INCREMENT, AUTO_INCREMENT=22;

--
-- AUTO_INCREMENT pour la table `milo_users`
--
ALTER TABLE `milo_users`
  MODIFY `u_id` int(10) UNSIGNED NOT NULL AUTO_INCREMENT, AUTO_INCREMENT=68;

--
-- Contraintes pour les tables déchargées
--

--
-- Contraintes pour la table `milo_championships`
--
ALTER TABLE `milo_championships`
  ADD CONSTRAINT `fk_milo_championships_milo_users` FOREIGN KEY (`u_id`) REFERENCES `milo_users` (`u_id`) ON DELETE CASCADE ON UPDATE CASCADE,
  ADD CONSTRAINT `i_id_in_championship` FOREIGN KEY (`i_id`) REFERENCES `milo_images` (`i_id`) ON DELETE CASCADE ON UPDATE CASCADE;

--
-- Contraintes pour la table `milo_decks`
--
ALTER TABLE `milo_decks`
  ADD CONSTRAINT `fk_milo_decks_milo_users1` FOREIGN KEY (`u_id`) REFERENCES `milo_users` (`u_id`) ON DELETE CASCADE ON UPDATE CASCADE,
  ADD CONSTRAINT `i_id_indeck` FOREIGN KEY (`i_id`) REFERENCES `milo_images` (`i_id`) ON DELETE CASCADE ON UPDATE CASCADE;

--
-- Contraintes pour la table `milo_kills`
--
ALTER TABLE `milo_kills`
  ADD CONSTRAINT `result_id` FOREIGN KEY (`result_id`) REFERENCES `milo_results` (`r_id`),
  ADD CONSTRAINT `user_killed_id` FOREIGN KEY (`user_killed_id`) REFERENCES `milo_results` (`u_id`);

--
-- Contraintes pour la table `milo_matchs`
--
ALTER TABLE `milo_matchs`
  ADD CONSTRAINT `fk_milo_matchs_milo_championships1` FOREIGN KEY (`c_id`) REFERENCES `milo_championships` (`c_id`) ON DELETE NO ACTION ON UPDATE NO ACTION,
  ADD CONSTRAINT `i_id_inmatch` FOREIGN KEY (`i_id`) REFERENCES `milo_images` (`i_id`) ON DELETE CASCADE ON UPDATE CASCADE;

--
-- Contraintes pour la table `milo_results`
--
ALTER TABLE `milo_results`
  ADD CONSTRAINT `d_id` FOREIGN KEY (`d_id`) REFERENCES `milo_decks` (`d_id`) ON DELETE CASCADE ON UPDATE CASCADE,
  ADD CONSTRAINT `m_id` FOREIGN KEY (`m_id`) REFERENCES `milo_matchs` (`m_id`) ON DELETE CASCADE ON UPDATE CASCADE,
  ADD CONSTRAINT `u_id` FOREIGN KEY (`u_id`) REFERENCES `milo_users` (`u_id`) ON DELETE CASCADE ON UPDATE CASCADE;

--
-- Contraintes pour la table `milo_users`
--
ALTER TABLE `milo_users`
  ADD CONSTRAINT `i_id` FOREIGN KEY (`i_id`) REFERENCES `milo_images` (`i_id`) ON DELETE CASCADE ON UPDATE CASCADE;

--
-- Contraintes pour la table `milo_user_in_championship`
--
ALTER TABLE `milo_user_in_championship`
  ADD CONSTRAINT `fk_milo_users_has_milo_championships_milo_championships1` FOREIGN KEY (`c_id`) REFERENCES `milo_championships` (`c_id`) ON DELETE CASCADE ON UPDATE CASCADE,
  ADD CONSTRAINT `fk_milo_users_has_milo_championships_milo_users1` FOREIGN KEY (`u_id`) REFERENCES `milo_users` (`u_id`) ON DELETE CASCADE ON UPDATE CASCADE;
COMMIT;

/*!40101 SET CHARACTER_SET_CLIENT=@OLD_CHARACTER_SET_CLIENT */;
/*!40101 SET CHARACTER_SET_RESULTS=@OLD_CHARACTER_SET_RESULTS */;
/*!40101 SET COLLATION_CONNECTION=@OLD_COLLATION_CONNECTION */;
